Title,URL,Habit Forming Challenges
Rover.com sustainable dog toys,https://www.rover.com/blog/sustainable-dog-toys/,COPT0001
"Why Air Drying Laundry is Better, for your clothes and the planet","https://www.bhg.com/homekeeping/laundry-linens/clothes/dry-clothes/#:~:text=Air%2Ddrying%20clothes%20uses%20less,and%20tear%20in%20the%20dryer",CHEE0002
Alternatives to A/C,https://temperaturemaster.com/how-to-cool-a-room-with-ice/,CHEE0004
Sustainable Zero Waste Bamboo Based Pet Products,https://www.sustainablejungle.com/zero-waste/bamboo-pet-products/,COPT0001
Best smart leak detectors,https://www.nytimes.com/wirecutter/reviews/the-best-smart-leak-detector/,COHH0001
Earth911.com Recycling and Sustainability Website,https://www.earth911.com,COEA0001
350.org International Climate Organization,https://350.org/,COEA0002
The Nature Conservancy,https://www.nature.org/en-us/,"COEA0003,CHEA0063"
Emerald Edge coastal rainforest,https://www.nature.org/en-us/about-us/where-we-work/priority-landscapes/emerald-edge/,COEA0004
Earth911:   Sustainable Hotel Travel,https://earth911.com/travel-living/green-hotels-how-do-i-identify-sustainable-travel-lodging/,CHTT0015
Simple natural homemade dog treats recipe,https://trashisfortossers.com/4-ingredient-homemade-zero-waste-dog-treats/,CHPT0001
EPA composting guide,https://www.epa.gov/recycle/composting-home,CHRU0003
Best compost bins,https://nymag.com/strategist/article/best-compost-bins.html,CHRU0003
Climate Reality Project,https://www.climaterealityproject.org/,COEA0005
Seattle's best vegan (and vegetarian) pizzas,https://seattleveganrestaurants.com/blog/the-best-vegan-pizza-in-seattle,COFD0002
Carbon footprint of different food,https://ourworldindata.org/carbon-footprint-food-methane,COEA0006
Last Object,https://lastobject.com/,CHHH0005
"Benefits of Energy Star windows, doors and skylights",https://www.energystar.gov/products/building_products/residential_windows_doors_and_skylights/benefits,"COHH0002,CHEA0046,CHEA0047"
Clean energy wind turbine overview,https://www.clean-energy-ideas.com/wind/wind-turbines/how-much-energy-does-a-wind-turbine-produce/,COHH0007
My Climate Journey podcast,https://www.myclimatejourney.co/,CHEA0001
To a Lesser Degree - Climate podcast from the Economist,https://www.economist.com/podcasts/2021/09/25/to-a-lesser-degree-a-new-climate-podcast-from-the-economist,CHEA0001
Energy Star most efficient refrigerators 2021,https://www.energystar.gov/productfinder/most-efficient/me-certified-refrigerators?type_filter=Top+Freezer&type_filter=Bottom+Freezer&type_filter=Side-by-Side,"CHEE0005,CHEA0046"
How to Save a Planet podcast,https://gimletmedia.com/shows/howtosaveaplanet,CHEA0001
The energy costs of cooling and heating a home,https://www.npr.org/templates/story/story.php?storyId=13941744,CHEE0007
The differences between heat pumps and a furnace,https://www.thisoldhouse.com/heating-cooling/21097106/whats-the-difference-between-a-heat-pump-and-furnace,COEE0002
Best solar power banks,https://www.treehugger.com/best-solar-power-banks-5080126,COEE0003
Investopedia ESG overview,https://www.investopedia.com/terms/e/environmental-social-and-governance-esg-criteria.asp,"CHEA0002,CHAW0010"
Ways to reduce junkmail,https://www.consumer.ftc.gov/articles/how-stop-junk-mail#mail,COHH0008
Save airplane emissions by packing light,https://www.flyaware.com/your-journey/pack-lighter/how-packing-lighter-can-reduce-emissions/,CHTT0016
Household carbon emissions,https://www.pnas.org/content/117/32/19122,COEA0007
Al Gore Climate Change Ted talk,https://www.ted.com/talks/al_gore_how_to_make_radical_climate_action_the_new_normal?utm_campaign=tedspread&utm_medium=referral&utm_source=tedcomshare,COEA0008
Ten of the best YouTube videos on climate change,https://www.carbonbrief.org/10-of-the-best-youtube-videos-on-climate-change,"COEA0008,CHEA0043"
Best water leak sensors 2021,https://www.pcmag.com/picks/the-best-smart-water-leak-detectors,COHH0001
Energy.gov home energy assesments,https://www.energy.gov/energysaver/professional-home-energy-assessments,COHH0006
How much does electricity cost,https://www.inspirecleanenergy.com/blog/clean-energy-101/how-much-does-electricity-cost,CHEE0009
"Climate change: Should you fly, drive or take the train?",https://www.bbc.com/news/science-environment-49349566,COTT0001
Google Maps public transit directions,https://support.google.com/maps/answer/6142130?hl=en,CHTT0005
Uber Green,https://www.uber.com/us/en/ride/ubergreen/,CHTT0011
Waze carpool,https://www.waze.com/carpool/,CHTT0003
Simple Veganista marinara sauce recipe,https://simple-veganista.com/marinara-sauce/,CHFD0003
All Recipes easy vegan pasta sauce,https://www.allrecipes.com/recipe/23982/easy-vegan-pasta-sauce/,CHFD0003
Trash each person creates per year,https://www.titlemax.com/discovery-center/lifestyle/trash-one-person-produces-year/,CHHH0019
CNet best smart thermostats,https://www.cnet.com/home/energy-and-utilities/best-smart-thermostats/,COHH0009
Seattle Green Up Renewable Energy Credit program,https://www.seattle.gov/city-light/residential-services/home-energy-solutions/renewable-energy-credits,CHHH0021
That second refrigerator is a bad idea,https://www.consumerreports.org/refrigerators/second-refrigerator-is-running-up-your-utility-bill-a1092930681/,CHHH0022
Planning a vegetable garden,https://www.bhg.com/gardening/vegetable/vegetables/planning-your-first-vegetable-garden/,CHFD0027
Climate and Environmental impact of smartphones,https://www.cnn.com/2021/10/03/tech/right-to-repair-climate-environmental-impact/index.html,CHRU0004
Repair not recycle to reduce ewaste,https://www.weforum.org/agenda/2021/07/repair-not-recycle-tackle-ewaste-circular-economy-smartphones/,CHRU0004
25 ways to save water,https://www.volusia.org/services/growth-and-resource-management/environmental-management/natural-resources/water-conservation/25-ways-to-save-water.stml,CHHH0023
Where to donate clothes,https://www.goodhousekeeping.com/life/a34301625/where-to-donate-clothes/,CHRU0005
Best low flow showerheads,https://www.treehugger.com/best-shower-heads-5086864,COHH0010
Earth911 guide to clean recyclables,https://earth911.com/home-garden/clean-recyclables/,CHRU0007
How to compost your Christmas tree,https://www.pickyourownchristmastree.org/disposing.php,CHRU0008
Low Carbon Diet,https://www.weightwatchers.com/us/blog/weight-loss/low-carbon-diet,COEA0006
World Resources Institute Protein Scorecard,https://www.wri.org/data/protein-scorecard,COEA0006
Earth911.com guide to home energy use,https://earth911.com/home-garden/reduce-carbon-footprint-home-energy-use/,COEA0007
Energy Sage 10 ways to save home energy,https://www.energysage.com/energy-efficiency/101/ways-to-save-energy/,COEA0007
EPA climate change transportation guide,https://www.epa.gov/transportation-air-pollution-and-climate-change/carbon-pollution-transportation,COEA0009
EPA Greenhouse Gas Emissions from passenger vehichles,https://www.epa.gov/greenvehicles/greenhouse-gas-emissions-typical-passenger-vehicle,COEA0009
Fuel economy and climate change,https://www.fueleconomy.gov/feg/climate.shtml,COEA0009
Ultimate vegetarian burrito recipe,https://dishingouthealth.com/vegetarian-burrito/,CHFD0028
BBC GoodFood vegan burritos,https://www.bbcgoodfood.com/recipes/vegan-burritos,CHFD0028
All Recipes Vegetarian bean burritos,https://www.allrecipes.com/recipe/53141/vegetarian-bean-burritos/,CHFD0028
Chipotles best vegetarian menu items,https://www.businessinsider.com/chipotle-best-vegan-vegetarian-menu-items-2019-4#flour-tortilla-with-rice-protein-and-produce-5,CHFD0028
General Tso's Tofu,https://simpleveganblog.com/general-tsos-tofu/,CHFD0029
Garlic Tofu Stir Fry,https://shuangyskitchensink.com/chinese-garlic-tofu-stir-fry/,CHFD0029
Tofu and Broccoli,https://tasty.co/recipe/chinese-takeout-style-tofu-and-broccoli,CHFD0029
What is Eco Mode,https://cartreatments.com/what-is-eco-mode/,CHTT0018
Cars.com Eco Mode Explained,https://www.cars.com/articles/what-is-eco-mode-440386/,CHTT0018
BBC The Climate Question Podcast,https://www.bbc.co.uk/programmes/w13xtvb6/episodes/downloads,CHEA0001
Green Living Magazine on Instagram,https://www.instagram.com/greenlivingmag/?hl=en,CHEA0004
Good Earth Influence on Instagram - an archive of sustainability content,https://www.instagram.com/goodearthfluence/?hl=en,CHEA0004
Cloudpaper.co bamboo vs recycled toilet paper,https://cloudpaper.co/blogs/cloud-paper-blog/best-eco-friendly-toilet-paper,CHHW0004
Treehugger.com eco friendly toilet paper compared,https://www.treehugger.com/eco-friendly-toilet-paper-bamboo-vs-recycled-5114452,CHHW0004
Electric kettle energy efficiency,"https://insideenergy.org/2016/02/23/boiling-water-ieq/#:~:text=An%20electric%20teakettle%20is%20about,is%20about%2085%20percent%20efficient.",CHHH0024
Foodsguy guide to energy efficient kettles,https://foodsguy.com/energy-efficient-kettles/,CHHH0024
Signup for GetGreen,https://www.getgreen.eco/getgreen-app.html,CHEA0005
NRDC study on energy savings from game consoles,https://www.nrdc.org/experts/noah-horowitz/latest-game-consoles-environmental-winners-or-losers,"CHEE0010,CHEE0011"
Xbox default energy setting hurts the environment,https://arstechnica.com/gaming/2021/01/how-the-xboxs-default-instant-on-feature-could-harm-the-environment/,CHEE0010
Energy Star guide to game console power savings,https://www.energystar.gov/products/configuring_todays_game_consoles_use_less_energy_0,CHEE0010
Poultry instead of beef cuts diet carbon footprint in half,https://www.foodingredientsfirst.com/news/swapping-one-beef-serving-for-poultry-per-day-cuts-diets-carbon-footprint-by-almost-half.html,"CHFD0021,COEA0006"
Game consoles can be power hungry streaming devices,https://www.cordcuttersnews.com/group-says-latest-game-consoles-can-be-power-hungry-streaming-devices/,CHEE0011
World Wildlife Fight Climate Change by Preventing Food Waste,https://www.worldwildlife.org/stories/fight-climate-change-by-preventing-food-waste,COEA0010
USDA guide to food waste impact and reduction,https://www.usda.gov/foodlossandwaste/why,COEA0010
Budget Bites Honey Sriracha Tofu Recipe,https://www.budgetbytes.com/honey-sriracha-tofu/,CHFD0030
Pan fried sesame garlic tofu,https://www.tablefortwoblog.com/pan-fried-sesame-garlic-tofu/,"CHFD0030,CHFD0031"
25 great tofu based recipes,https://www.delish.com/cooking/g26001696/tofu-recipes/,CHFD0031
Backyard Garden Seeds,https://www.backyardgardenseeds.com/,CHFD0027
Earth911.com guide to sustainable investment funds,https://earth911.com/how-and-buy/socially-responsible-investment-funds/,"CHEA0002,CHAW0010"
DIY dog treats,https://www.plantedinthewoods.com/blog/diy-dog-treats,CHPT0001
Molly Mutt guide to DIY dog bed stuffing,https://www.mollymutt.com/dog-bed-stuffing,CHPT0003
DIY dog bed creation,"https://www.hillspet.com/dog-care/resources/diy-dog-bed#:~:text=The%20simplest%20DIY%20dog%20bed,and%20comfortable%20for%20your%20dog.",CHPT0003
Bark.co guide to donating old dog toys,https://post.bark.co/fun/can-you-donate-dog-toys/,CHPT0004
Humane Society donation information,https://www.thehumanesociety.org/more-ways-to-donate/donate-items/,CHPT0004
Decluttering your old clothes and sheets,https://www.apartmenttherapy.com/genius-way-declutter-clothes-sheets-36960093,CHHH0025
Pintrest sheets into beanbag chair magic,https://www.pinterest.com/pin/164099980158981444/,CHHH0025
Earth911 How plant based diets impact climate change,https://earth911.com/inspire/how-plant-based-diets-directly-impact-climate-change/?utm_source=ActiveCampaign&utm_medium=email&utm_content=%F0%9F%8C%8E+Invest+With+Your+Conscience+%7C+Plant-based+Diets+Impact+Climate+Change+%7C+Passive+House+Design+%7C+Podcast%3A+Seaweed-based+Packaging&utm_campaign=Earth911%3A+January+14%2C+2022,COEA0006
Bon Appetit green curry lentil soup,https://www.bonappetit.com/recipe/green-curry-lentil-soup,CHFD0032
Modern  Proper Hungarian mushroom soup,https://themodernproper.com/hungarian-mushroom-soup,CHFD0032
Food Network healthified broccoli cheddar soup,https://www.foodnetwork.com/recipes/food-network-kitchen/healthified-broccoli-cheddar-soup-recipe-2119129,CHFD0032
Food Network vegetarian chili,https://www.foodnetwork.com/recipes/robin-miller/vegetarian-chili-recipe-1917088,CHFD0032
Earth911 guide to plant based soups,https://earth911.com/home-garden/plant-based-soups-super-for-you-the-planet/,CHFD0032
Natasha Kitchen cabbage and mushroom chebureki,https://natashaskitchen.com/cabbage-and-mushroom-chebureki-turnovers/,CHFD0022
Herb and cheese Chebureks,https://lyukum.com/chebureks/,CHFD0022
Drive Safe and Save,https://www.statefarm.com/customer-care/download-mobile-apps/drive-safe-and-save-mobile,CHTT0018
Treehugger guide to cell phone recycling,https://www.treehugger.com/cell-phone-recycling-5190577,CHRU0010
The benefits of weather stripping,https://www.homeadvisor.com/r/benefits-of-weather-stripping/,CHEE0012
Weather stripping prevention against drafts,"https://energyeducation.ca/encyclopedia/Weather_stripping#:~:text=Weatherstripping%20is%20a%20very%20simple,better%20protection%20against%20air%20drafts.",CHEE0012
Ecolibrium3 Home Energy Audit (HEA) information,https://www.ecolibrium3.org/energyaudit/,CHEA0007
Minnesota Grown: Community Sustainable Agriculture,https://minnesotagrown.com/csa/,CHFD0033
"Energy efficient cooking - gas, electric or induction",https://www.leafscore.com/eco-friendly-kitchen-products/which-is-more-energy-efficient-gas-electric-or-induction/,COEA0011
Energy Star guide to induction cooking,https://www.energystar.gov/about/2021_residential_induction_cooking_tops,COEA0011
Treehugger guide to small induction stoves,https://www.treehugger.com/energy-efficient-induction-cooktops-for-small-kitchens-4858317,COEA0011
Emerald Palate guide to must try Indian food in Seattle,https://www.emeraldpalate.com/must-try-indian-food-in-seattle/,CHFD0035
EPA guide to electronics recycling,https://www.epa.gov/recycle/electronics-donation-and-recycling,CORU0001
Climate.org e-waste and how to reduce it,https://climate.org/e-waste-and-how-to-reduce-it,CORU0001
BBC guide to food waste and composting,https://www.bbc.com/future/article/20200224-how-cutting-your-food-waste-can-help-the-climate,CHHH0027
UW Recycling Overview,  https://green.uw.edu/blog/blog/80,CHRU0011
Earth.org 8 must read books on climate change,https://earth.org/climate-change-books/,CHEA0008
EnergyStar Flip Your Fridge Calculator,https://www.energystar.gov/products/appliances/refrigerators/flip-your-fridge,CHEE0005
Follow GetGreen app on Instagram,https://www.instagram.com/getgreenapp/?hl=en,CHEA0004
Better Home and Garden: how to make compost at home,https://www.bhg.com/gardening/yard/compost/how-to-compost/,"CHHH0028,CHHH0027"
"Composting at home, EPA",https://www.epa.gov/recycle/composting-home,"CHHH0028,CHHH0027"
Composting is one of the simplest low-tech climate change reversing actions people can take,https://drawdown.org/solutions/composting,"CHHH0027,CHHH0028,CHRU0003"
Earth911 guide to making your own potting soil,https://earth911.com/home-garden/diy-potting-soil/,CHHH0029
Read up on dishwasher energy usage,https://ecocostsavings.com/dishwasher-wattage-energy-efficiency/,CHHH0030
Carbon emissions per flight from Google Flights,https://support.google.com/travel/answer/9671620?hl=en,CHTT0021
BBC guide to emissions from flying and climate change,https://www.bbc.com/future/article/20200218-climate-change-how-to-cut-your-carbon-emissions-when-flying,CHTT0021
What is Reef-Safe Sunscreen?,https://www.rei.com/learn/expert-advice/what-is-reef-safe-sunscreen.html,CHHW0005
Carbon footprint of footwear,https://news.mit.edu/2013/footwear-carbon-footprint-0522,CHHW0006
Where to Compost: A State-by-State Guide,https://www.litterless.com/wheretocompost,CHRU0012
Solar Efficiency and Benefits,https://www.energysage.com/local-data/solar-rebates-incentives/mn/,CHEA0054
Leafscore Best Eco-Friendly Dog Beds,https://www.leafscore.com/eco-friendly-pet-products/best-eco-friendly-dog-beds/,CHPT0012
Earth911 Sustainable Bedding Brands,https://earth911.com/how-and-buy/sustainable-bedding-brands-for-a-better-nights-sleep/,CHHH0034
Earth911: A Second Life for Old Toys,https://earth911.com/home-garden/letting-go-and-finding-a-second-life-for-old-toys/,CHRU0013
Earth911: 4 Food Wrap Alternatives,https://earth911.com/home-garden/4-food-wrap-alternatives/,CHRU0014
Earth911: 5 Steps to Your Home Energy Audit,https://earth911.com/home-garden/5-steps-to-conduct-your-own-home-energy-audit/,CHEE0017
Earth911: Don't Recycle Your Identity,https://earth911.com/home-garden/dont-recycle-your-identity/,CHRU0015
Earth911: Cut Your Summer Energy Bill,https://earth911.com/home-garden/cut-summer-energy-bills/,CHEA0010
Earth911: 8 Sustainable Packaging Labels,https://earth911.com/business-policy/sustainable-packaging-labels/,CHEA0011
Earth911: A Buyer's Guide to Home Siding,https://earth911.com/home-garden/a-buyers-guide-to-home-siding/,CHHH0035
Earth911: Why Should You Care About '1% for the Planet'?,https://earth911.com/business-policy/one-percent-for-the-planet/,CHHH0036
Earth911: Home Solar Costs,https://earth911.com/eco-tech/solar-system-cost/,"CHEA0012,CHEA0054"
Earth911: How to Recycle Rechargeable Batteries,https://earth911.com/how-to-recycle/recycling-mystery-rechargeable-tool-batteries/,CHRU0016
Earth911: Top Eco-Toy Brands,https://earth911.com/home-garden/top-eco-toy-brands/,CHHH0037
Earth911: Skiing Green,https://earth911.com/living-well-being/skiing-green/,CHTT0025
Earth911: Tips for a Lifetime Roof,https://earth911.com/how-and-buy/lifetime-roof/,CHHH0038
Earth911: Sustainable Event Planning,https://earth911.com/living-well-being/how-to-plan-a-sustainable-event/,CHHH0039
Earth911: TCO Certified Technology,https://earth911.com/eco-tech/tco-certification-sustainable-it-products/,CHEA0013
Earth911: EV Considerations,https://earth911.com/eco-tech/confidently-switch-to-ev/,CHTT0026
Earth911: Take Advantage of Solar Tax Credit,https://earth911.com/how-to-recycle/how-to-take-advantage-of-solar-tax-credits/,CHEA0014
Earth911: Soil Carbon Practices and Climate Change,https://earth911.com/business-policy/can-soil-carbon-practices-reverse-climate-change/,CHHH0040
Earth911: How to Choose and Energy Provider,https://earth911.com/business-policy/how-to-choose-an-energy-provider/,CHEE0018
Earth911: IKEA Buyback Program,https://earth911.com/business-policy/ikea-launches-buy-back-program/,CHRU0017
Earth911: How to Keep Recycling Workers Safe,https://earth911.com/business-policy/keeping-recycling-workers-safe-and-how-you-can-help/,CHRU0018
Earth911: Zombie Soil and Industrial Agriculture,https://earth911.com/business-policy/zombie-soil-the-harmful-result-of-industrial-farming/,CHEA0015
What is fast fashion and why is it a problem?,https://www.ethicalconsumer.org/fashion-clothing/what-fast-fashion-why-it-problem,CHEA0016
Farms & CSAs Around Duluth,https://www.localharvest.org/duluth-mn/csa,"CHFD0001,CHFD0041"
How to Roast Pumpkin Seeds,https://www.jessicagavin.com/how-to-roast-pumpkin-seeds/,CHFD0043
Pumpkin Gut Bread Recipe,https://eatingrichly.com/how-to-cook-a-whole-pumpkin-and-recipe-for-pumpkin-gut-bread/,CHFD0043
Bent Paddle Brewing,https://bentpaddlebrewing.com/,CHFD0018
Duluth Cider,https://duluthcider.com/,CHFD0018
Comments for The Enhancement and Standardization of Climate-Related Disclosures for Investors,https://www.sec.gov/comments/s7-10-22/s71022.htm,CHEA0017
Minn Tofu,https://minntofu.com/,"CHFD0029,CHFD0030,CHFD0023,CHFD0038,CHFD0021"
Pizza Luce Duluth,https://www.pizzaluce.com/,COFD0002
Leaf Rides,https://www.leafrides.com/,CHTT0020
Suggest a new green action or product to GetGreen,https://www.getgreen.eco/suggestanaction.html,"CHEA0018,CHAW0016"
America Recycles Day,https://www.epa.gov/recyclingstrategy/america-recycles-day,CHEA0019
Earth911 recycling center search,https://earth911.com/recycling-center-search-guides/,CHEA0019
How to Defrost a Turkey for Thanksgiving,https://www.cnet.com/home/kitchen-and-household/how-to-thaw-turkey-thanksgiving/,CHFD0044
It’s Almost Time to Thaw Your Turkey – Here’s How to Do It Safely,https://www.cleaneatingmag.com/clean-pantry/cooking-tips/its-almost-time-to-thaw-your-turkey-heres-how-to-do-it-safely/,CHFD0044
"23 Thanksgiving Recipes So Good, No One Will Know They’re Actually Healthy",https://theeverygirl.com/plant-based-recipes-thanksgiving/,CHFD0045
40 Thanksgiving Recipes,https://www.loveandlemons.com/vegan-thanksgiving-recipes/,CHFD0045
Rewiring America guide to IRA energy incentives,https://www.rewiringamerica.org/app/ira-calculator,"CHEA0020,CHEA0046,CHEA0049,CHTT0026"
NRDC Consumer Guide to the Inflation Reduction Act,https://www.nrdc.org/stories/consumer-guide-inflation-reduction-act,CHEA0020
Travelwise guide to Trip Chaining,https://travelwise.utah.gov/strategies/trip-chaining/,CHTT0027
Earth911: Eco-friendly Gift Wrap,https://earth911.com/living-well-being/buy-or-diy-eco-friendly-gift-wrap/,CHHW0014
12 Eco-friendly Christmas Tips,https://www.realhomes.com/advice/10-tips-for-an-eco-friendly-christmas,CHEA0022
Sustainable Christmas Ideas: 13 Ways to Make this Yuletide Greener,https://www.positive.news/lifestyle/sustainable-christmas-ideas-how-to-make-yuletide-greener/,CHEA0022
Earth911: Making the Holidays More Sustainable,https://earth911.com/living-well-being/make-holidays-more-sustainable/,CHEA0022
Produce by the season,https://www.seasonalfoodguide.org/,CHFD0041
Earth911 guide to plastic bag recycling,https://earth911.com/recycling-guide/how-to-recycle-plastic-bags/,CHRU0024
Mind Body Green guide to recycling plastic bags,https://www.mindbodygreen.com/articles/how-to-recycle-plastic-bags,CHRU0024
Katie Couric guide to healthy Super Bowl snacks,https://katiecouric.com/lifestyle/recipes/healthy-easy-super-bowl-snacks-appetizers-recipes/,"CHFD0046,CHFD0040"
NY Times vegetarian Super Bowl recipes,https://cooking.nytimes.com/68861692-nyt-cooking/936927-vegetarian-super-bowl-recipes,"CHFD0046,CHFD0040"
Amazing Super Bowl Vegetarian Recipes from Good Housekeeping,https://www.goodhousekeeping.com/food-recipes/g25727072/vegetarian-super-bowl-recipes/,"CHFD0046,CHFD0040"
The Case for Electric Bicycles,https://www.greenamerica.org/green-living/case-electric-bicycles,CHEA0023
E-bikes are good for the environment and for you too,https://www.sustainability-times.com/low-carbon-energy/e-bikes-are-good-for-the-environment-and-good-for-you-too/,CHEA0023
13 Awesome Environmental Benefits of Riding an Electric Bike,https://www.conserve-energy-future.com/environmental-benefits-electric-bike.php,CHEA0023
13 Tips for your First Bike Commute,https://www.active.com/cycling/articles/13-tips-for-your-first-bike-commute,CHEA0025
Bike Commuting Tips for Beginners,https://www.liv-cycling.com/global/campaigns/bike-commuting-tips-for-beginners/26128,CHEA0025
Everything You Need to Know About Cycling to Work,https://www.bicycling.com/news/a20031666/14-commuter-pros-share-their-secrets/,CHEA0025
10 tips to make biking to work a breeze,https://www.bikeradar.com/advice/fitness-and-training/cycling-to-work-guide/,CHEA0025
Energy Vampire Calculator,https://www.duke-energy.com/energy-education/energy-savings-and-efficiency/energy-vampires/calculator,CHEA0026
Energy Vampires: Which Electronics are the Worst?,https://justenergy.com/blog/energy-vampires-which-electronics-are-the-worst/,CHEA0026
Vampires Appliances: The Electronics Sucking your Wallet Dry,https://www.theguardian.com/money/2022/mar/23/vampire-appliances-the-electronics-sucking-your-wallet-dry,CHEA0026
REI Pre-Ride Inspection Checklist,https://www.rei.com/learn/expert-advice/pre-ride-inspection.html,CHTT0030
"How To Make Friends With The Freezer To Reduce Daily Food Waste
",https://thechalkboardmag.com/reduce-daily-food-waste-freezer-tips/,CHFD0047
15 things you didn’t know you could freeze,https://www.respectfood.com/article/15-things-you-didnt-know-you-could-freeze/,CHFD0047
USDA: Freezing and Food Safety,https://www.fsis.usda.gov/food-safety/safe-food-handling-and-preparation/food-safety-basics/freezing-and-food-safety,CHFD0047
Where Does My Drinking Water Come From?,"https://www.americanrivers.org/rivers/discover-your-river/drinking-water/#:~:text=The%20best%20way%20to%20learn,and%20how%20it%20is%20treated.",CHEA0027
Actions to Commit to Water,https://www.unwater.org/bethechange/,CHEA0028
World Water Day,https://www.worldwaterday.org/,CHEA0028
"CERT guide to IRA, rebates and credits",https://www.cleanenergyresourceteams.org/inflation-reduction-act-what-you-need-know,CHEA0047
Litterless guide to zero waste grocery shopping,https://www.litterless.com/wheretoshop,CHFD0048
Earth 911: Plastic-Free Basket Grass,https://earth911.com/diy/plastic-free-easter-basket-grass-ideas/,CHHH0046
King County Earth Day Opportunities 2023,https://kingcounty.gov/en/dept/dnrp/nature-recreation/environment-ecology-conservation/volunteering-environmental-stewardship/earth-day,CHEA0029
King County Parks Volunteer Page,https://kingcounty.gov/en/dept/dnrp/nature-recreation/parks-recreation/king-county-parks/get-involved/volunteer,CHEA0029
Volunteer Match,https://www.volunteermatch.org/,CHEA0030
"Earth Day, Arboretum Foundation",https://arboretumfoundation.org/events/earth-day/,CHEA0029
Seattle Earth Day Volunteer Events,https://www.volunteermatch.org/search/?l=Seattle%2C+WA%2C+USA&v=true&k=Earth+Day,CHEA0029
GetGreen on Instagram,https://www.instagram.com/getgreenapp/?hl=en,"CHEA0031,COFD0001"
GetGreen on LinkedIn,https://www.linkedin.com/company/emeraldtechnologygroup/posts/?feedView=all&viewAsMember=true,CHEA0031
GetGreen on Twitter,https://twitter.com/getgreenapp,CHEA0031
Pollinator-Friendly Plants by Region,https://xerces.org/pollinator-conservation/pollinator-friendly-plant-lists,CHHH0047
Ecoregional Planting Guides,https://www.pollinator.org/guides,CHHH0047
GetGreen for Enterprises,https://www.getgreen.eco,CHAW0008
SEC Climate and Sustainability Reporting Proposal,https://www.sec.gov/news/press-release/2022-46,CHAW0008
How to Spot Greenwashing,https://earth911.com/business-policy/how-to-spot-greenwashing/,CHEA0032
Greenwashing: Untruth in Advertisting,https://earth911.com/business-policy/greenwashing-untruth-in-advertising/,CHEA0032
USDA guide to Farmer's markets in your area,https://www.usdalocalfoodportal.com/,CHFD0039
World Environment Day,https://www.worldenvironmentday.global/,CHEA0033
UN World Environment Day,https://www.un.org/en/observances/environment-day,CHEA0033
Sephora + Pact Beauty (Re)Purposed,https://www.sephora.com/beauty/pact-collective-recycling-program,CHRU0029
How to divest your 401K from fossil fuels,https://www.canarymedia.com/articles/guides-and-how-tos/how-to-divest-your-401k-from-fossil-fuels,CHAW0010
Earth 911: Tips for Starting an Office Recycling Program,https://earth911.com/business-policy/start-office-recycling-program/,CHAW0012
The Ins and Outs of Setting Up an At-Work Recycling Program,https://greenbusinessbureau.com/green-practices/waste/recycling-in-the-office-the-ins-and-outs-of-setting-up-an-at-work-recycling-program/,CHAW0012
Vanguard ESG funds,https://investor.vanguard.com/investment-products/esg,CHAW0010
Betty Crocker ideas for freezing fresh fruit,https://www.bettycrocker.com/menus-holidays-parties/mhplibrary/seasonal-ideas/how-to-freeze-fresh-fruit,CHFD0051
Guide to food waste emissions,https://ourworldindata.org/food-waste-emissions,CHFD0051
Plastic Free July,https://www.plasticfreejuly.org/,CHEA0034
Plastic Free July Videos,https://www.plasticfreejuly.org/resources/videos/,CHEA0034
Unilever Vegetarian Butcher,https://www.unilever.com/brands/nutrition/the-vegetarian-butcher/,CHFD0020
Dairy free chocolates available everywhere,https://vegnews.com/products/accidentally-vegan-chocolates,CHFD0052
How to Recycle Deodorant Tubes,https://earth911.com/health/recycling-deodorant-tubes/,CHHW0023
Volts by David Roberts - leaving fossil fuels behind,https://www.volts.wtf/podcast,CHEA0001
UMN Universal Transit Pass,"https://pts.umn.edu/Transit/Transit-Passes/Universal-Transit-Pass#:~:text=University%20of%20Minnesota%20students%20who%20pay%20the%20Transportation,U%20Card%20is%20the%20pass%20for%20this%20program.",CHTT0031
UMN ReUse Program,https://facilities.umn.edu/our-services/reuse-recycling-waste/reuse-program/reuse-program,CHRU0030
National Thrift Store Day,https://www.census.gov/newsroom/stories/thrift-store-day.html,CHRU0006
The Future of Pink is Green,https://shop.mattel.com/pages/barbie-sustainability,CHHH0049
Mattel Playback. Play Recycle Repeat,https://shop.mattel.com/pages/playback,CHHH0049
All New Eco Barbie,https://theethicalist.com/its-all-new-inclusive-and-eco-barbie/,CHHH0049
How to host a toy swap,https://acleanbee.com/toy-swap/,CHHH0049
"Be Orange, Go Green: Cut Campus Plastic Use with a Refillable Bottle!",https://sustainability.illinois.edu/be-orange-go-green-cut-plastic-use-with-a-refillable-bottle/,CHRU0032
Coke Refill Reuse Refresh,https://www.100accelerator.com/challenge/coca-cola,CHRU0032
EPA Water maps,https://geopub.epa.gov/dwwidgetapp/,CHEA0027
King County Take it Back Network,https://kingcounty.gov/en/legacy/depts/dnrp/solid-waste/programs/take-it-back/electronics,CHAW0014
EPA Electronics Recycling,https://www.epa.gov/recycle/electronics-donation-and-recycling,CHAW0014
Earth911 Recycling Search,https://search.earth911.com/,CHAW0014
Roadrunner guide to workplace composting,https://www.roadrunnerwm.com/blog/a-guide-to-workplace-composting,CHAW0015
Composting Council Workplace Composting,https://www.compostingcouncil.org/page/WorkplaceComposting,CHAW0015
Earth911 Workplace Composting,https://earth911.com/business-policy/work-composting-program/,CHAW0015
Toms of Maine how to start composting at work,"https://www.tomsofmaine.com/good-matters/thinking-sustainably/how-to-start-composting-at-work-or-school#:~:text=First%20start%20your%20compost%20program,if%20the%20bin%20is%20outside).",CHAW0015
Earth Month Clothing Swap,https://calendar.cascadia.edu/index.php?eID=3726,CHRU0035
Treehugger guide to hosting a clothing swap,https://www.treehugger.com/steps-hosting-successful-clothing-swap-4856465,CHRU0035
Halloween Costume Swaps,https://www.greenchildmagazine.com/costume-swap-day/,CHRU0036
Sustainability goes spooky - campus halloween costume swap,https://www.uscannenbergmedia.com/2023/10/11/sustainability-goes-spooky-halloween-costume-swap-at-usc/,CHRU0036
UW Campus Sustainability Map,https://sustainability.uw.edu/maps/sustainability,CHEA0035
Too Good To Go App,https://www.toogoodtogo.com/en-us,CHFD0054
UN Overview of COP28,https://news.un.org/en/story/2023/11/1144042,CHEA0036
World Resources Institute Guide to COP28,https://www.wri.org/un-climate-change-conference-resource-hub/articles,CHEA0036
Bloomberg Green at COP28,https://events.bloomberglive.com/bloomberg-green-at-cop28/home,CHEA0036
COP28 Official Site,https://www.cop28.com/,CHEA0036
Treehugger guide to living Christmas trees,https://www.treehugger.com/how-care-living-christmas-tree-4858504,CHHH0054
Tips for choosing and caring for a living Christmas tree,https://www.growingagreenerworld.com/live-christmas-trees/,CHHH0054
Rent a Christmas Tree,https://rentxmastree.com/,CHHH0054
Better Homes and Gardens - Rent a Christmas tree,https://www.bhg.com/christmas/trees/rent-a-christmas-tree/,CHHH0054
Quick guide to in season winter produce,https://www.forksoverknives.com/how-tos/winter-produce-guide-in-season-fruits-vegetables/,CHFD0041
KCRW Anti-Dread Climate Podcast,https://www.kcrw.com/culture/shows/the-anti-dread-climate-podcast,CHEA0001
Climate Papa Podcast,https://www.climatepapa.com/,CHEA0001
Spotme guide to sustainable events,https://spotme.com/blog/sustainable-events/,CHAW0017
10 green event ideas,https://www.cvent.com/uk/blog/events/10-green-event-ideas-can-make-huge-difference,CHAW0017
Leaf Score sustainable chocolate brands,https://www.leafscore.com/grocery/best-sustainable-chocolate-brands/,CHFD0052
Famous Black Environmentalists,https://urbangreenlab.org/black-environmentalists/,CHEA0037
The Father of environmental justice relfects,https://www.scientificamerican.com/video/the-father-of-environmental-justice-reflects-on-the-movement-he-started/,CHEA0037
11 Black climate activists,https://ecologycenter.org/blog/11-black-climate-activists-you-should-know-and-support/,CHEA0037
Sierra Club Black environmental activists,https://www.sierraclub.org/minnesota/blog/2015/03/6-black-environmental-activists-who-changed-history,CHEA0037
Black environmental leaders,https://www.blackenvironmentalleaders.org/,CHEA0037
Black environmentalists to know about,https://dogwoodalliance.org/2022/02/10-black-environmentalists-to-know-about-in-2022/,CHEA0037
Golf carts and the environment,https://golfcart.fun/blog/golf-cart-rentals/golf-carts-and-the-environment-how-electric-carts-are-making-a-difference/,CHTT0032
Pros and cons of electric golf carts,https://www.deverinc.com/blog/the-pros-and-cons-of-electric-golf-carts--58026,CHTT0032
Environmental Defense Fund Women making environmental history,https://www.edf.org/women-making-history,CHEA0038
10 Woman environmentalists you should know about,https://greenpop.org/10-woman-environmentalists-you-should-know-about/,CHEA0038
16 Women Environmental Leaders,https://www.amightygirl.com/blog?p=11863,CHEA0038
Celebrating women environmentalists,https://www.plaineproducts.com/celebrating-women-environmentalists-on-international-womens-day/,CHEA0038
Disposable coffee cups impact on the environment,"https://www.theguardian.com/environment/2024/jan/22/disposable-coffee-cups-environmental-impact#:~:text=According%20to%20one%20study%2C%20a,emits%20about%20110g%20of%20CO2.",CHAW0001
NCAA Final Four Sustainability,https://phoenixfinalfour.com/green/,CHEA0039
Carbon Footprint of March Madness,https://today.tamu.edu/2023/03/15/whats-the-carbon-footprint-of-march-madness/,CHEA0039
Carbon Neutral March Madness,https://www.indystar.com/story/news/environment/2021/03/25/ncaa-tournament-carbon-neutral-event-indianapolis-year/4802509001/,CHEA0039
Eco Friendly Basketball Gear,https://alleyooparts.com/blogs/beyond-the-buzzer-exploring-the-world-of-basketball/eco-friendly-basketball-gear-changing-the-game-sustainably,CHEA0039
Clean your mini split heat pump,https://theheatpumpstore.com/clean-your-mini-split-system/,CHEE0019
UW Sustainability Events,https://sustainability.uw.edu/events,CHEA0040
Earth Day 2025,https://www.earthday.org/earth-day-2025/,CHEA0009
Earth Day Volunteering,https://www.earthday.org/actions/volunteer/,CHEA0030
Puget Sound Energy Renewable Natural Gas Program,https://www.pse.com/en/green-options/Renewable-Energy-Programs/Renewable-Natural-Gas-Residential,CHEE0020
PSE Events,https://www.pse.com/pages/pse-events,CHEA0041
PSE Renewable Energy Programs,https://www.pse.com/en/green-options/Renewable-Energy-Programs/renewables-home,CHEA0041
King County Community Van,https://kingcounty.gov/en/dept/metro/travel-options/community-van,CHTT0033
Calculate your extended water footprint,https://www.waterfootprint.org/resources/interactive-tools/extended-water-footprint-calculator/,CHEA0042
Local Community Supported Fisheries,https://localcatch.org/,CHFD0058
Seafood Watch,https://www.SeafoodWatch.org,"CHFD0057,CHFD0056,CHEA0044"
Marine Mammal Center Sustainable Seafood Card,https://www.marinemammalcenter.org/storage/app/media/Misc/PDF/sustainable-seafood-cta-card.pdf,"CHFD0056,CHFD0057"
Rising Sun Free Bay Area Home Energy Audits,https://risingsun.tfaforms.net/3,CHEE0021
Rising Sun Center for Opportunity,https://risingsunopp.org/programs/ghc/,CHEE0021
BayREN Website,https://www.bayren.org/home-rebates,CHEE0022
BayREN Advisor Meetings,https://www.bayren.org/single-family-homeowners/contact-home-energy-advisor,CHEE0023
Restaurants reusable service ware,https://foodprint.org/blog/reusable-serviceware/,CHAW0018
Read Brightly Earth Friendly Reads for Kids,https://www.readbrightly.com/books-better-planet-9-earth-friendly-reads-kids/,CHEA0045
Earth.org books for kids,https://earth.org/environmental-books-for-kids/,"CHEA0045,CHEA0008"
The Lorax,https://yale.learningu.org/download/91736886-e31e-47c0-8a3b-f1c1843a6f7c/H3146_The%20Lorax_Storybook.pdf,CHEA0045
Southern Living Guide to Rain Barrels,https://www.southernliving.com/rain-water-barrel-7546574,CHEE0024
"Lowe's - Buying, Installing and Using a Rain Barrel",https://www.lowes.com/n/how-to/buying-installing-and-using-a-rain-barrel,CHEE0024
Lawn Love - How to Install a Rain Barrel,https://lawnlove.com/blog/how-to-install-a-rain-barrel/,CHEE0024
Furniture Repair Bank,https://www.repairbank.org/,"CHRU0039,CHRU0038"
Rheaply,https://rheaply.com/,CHRU0039
EcoWatch,https://www.ecowatch.com/lawns-environment-sustainable-landscaping-2052211381.html,CHHH0055
Habitat for Humanity ReStores,https://www.habitat.org/restores,CHRU0038
8 things to donate when renovating,https://www.habitat.org/stories/8-things-to-donate-when-renovating,CHRU0038
Energy Star guide to products,https://www.energystar.gov/products,CHEA0046
Rewiring America incentive calculator,https://homes.rewiringamerica.org/calculator,"CHEA0047,CHEA0014"
Energy Star rebate finder,https://www.energystar.gov/rebate-finder,CHEA0047
Should you use your cars AC or roll down the windows,"https://thepublicsradio.org/episode/should-you-use-your-cars-ac-or-roll-down-the-windows/#:~:text=Turning%20on%20the%20air%20conditioning,should%20turn%20on%20the%20AC.",CHTT0022
US Department of Energy - Information about Energy Burdens,https://www.energy.gov/sites/default/files/2022-10/16.%20How%20high%20are%20household%20energy%20burdens_ds_0.pdf,CHEA0048
Energy Equity in Arlington,https://storymaps.arcgis.com/stories/0aad9016f2e747aca7ca1b2379910864,CHEA0048
Learn about Options for Energy Assistance in Virginia,https://www.dss.virginia.gov/benefit/ea/,CHEA0048
Low Income Home Energy Assistance Program (LIHEAP),https://www.benefits.gov/benefit/623,CHEA0048
EcoAction Arlington Events,https://www.ecoactionarlington.org/events/,CHEA0004
Information on tankless water heaters,https://www.energy.gov/energysaver/tankless-or-demand-type-water-heaters,CHEE0025
Energy Star Home Tankless Water Heaters,https://www.energystar.gov/products/whole_home_tankless_gas_water_heaters,CHEE0025
Home Depot tankless water heaters,https://www.homedepot.com/b/Plumbing-Water-Heaters-Tankless-Water-Heaters/N-5yc1vZ2fkoqer,CHEE0025
Arlington County Energy Lending Library,https://library.arlingtonva.us/collection/library-of-things/aire-energy-lending-library/,CHEE0008
Alternative Fuels Data Center: Idle Reduction Benefits,"https://afdc.energy.gov/conserve/idle-reduction-benefits#:~:text=Reducing%20vehicle%20idling%20time%20saves,especially%20for%20heavy%2Dduty%20trucks",CHTT0034
Information about Personal Vehicles Idling,https://afdc.energy.gov/files/u/publication/idling_personal_vehicles.pdf,CHTT0034
Which is Greener - to Idle or Not,https://afdc.energy.gov/files/u/publication/which_is_greener.pdf,CHTT0034
Shared Micromobility Devices in Arlington,https://www.arlingtonva.us/Government/Programs/Transportation/Scooters-and-Dockless-Bikeshare,CHTT0020
Active Forms of Transportation and Micromobility,"https://afdc.energy.gov/conserve/active-transportation#:~:text=Bicycles%2C%20electric%20bikes%2C%20wheelchairs%2C,are%20all%20considered%20active%20transportation",CHTT0020
Energy Saver Do It Yourself Savings Project: Insulate Hot Water Pipes,https://www.energystar.gov/saveathome/heating-cooling/duct-sealing/benefits,CHEE0026
Duct Sealing with Energy Star,https://www.energystar.gov/sites/default/files/asset/document/ES_Duct_Sealing_flyer.pdf,CHEE0026
Energy.gov DIY savings project - insulate your water pipes,https://www.energy.gov/energysaver/do-it-yourself-savings-project-insulate-hot-water-pipes,CHEE0026
Treehugger - is it really worth insulating your pipes,https://www.treehugger.com/ask-pablo-it-really-worth-insulating-my-pipes-4858198,CHEE0026
Energy Star Electric Cooking Products,https://www.energystar.gov/products/electric_cooking_products,COEA0011
Earth.org books on climate change 2024,https://earth.org/climate-change-books/,CHEA0008
WaterSense Products - EPA,https://www.epa.gov/watersense/watersense-products,COHH0010
Conserving Water in Arlington,https://www.arlingtonva.us/Government/Programs/Water-Utilities/Water-Conservation-and-Environment-Water-and-Utilities/Conserving-Water,COHH0010
Rewiring America - Plan to Electrify Your Home, https://homes.rewiringamerica.org/personal-electrification-planner ,CHEA0049
Rewiring America - Electrify Everything In Your Home,https://www.rewiringamerica.org/electrify-home-guide,CHEA0049
US Department of Energy - Home Electrification,https://www.energy.gov/scep/home-electrification-and-appliance-rebates,CHEA0049
Raymond James Sustainable Investing Misconceptions vs Reality,https://www.raymondjames.com/chelseacellamare/resources/2021/06/11/sustainable-investing-misconceptions-vs-reality,CHEA0002
Redyoos Jewelry Recycling,https://www.redyoos.com/,CHRU0040
Earth911 on Instagram,https://www.instagram.com/earth911/?hl=en,CHEA0004
The Girl Gone Green on Instagram,https://www.instagram.com/thegirlgonegreen/?hl=en,CHEA0004
World Wildlife Federation - understanding climate change,https://www.worldwildlife.org/stories/weather-vs-climate-understanding-climate-change-through-attribution-science,CHEA0052
EPA - climate and temperature change over time,https://www.epa.gov/climate-indicators/climate-change-indicators-us-and-global-temperature,CHEA0052
EPA Greenhouse gas emissions,https://www.epa.gov/ghgemissions/sources-greenhouse-gas-emissions,CHEA0052
Bullit Center Tours,https://bullittcenter.org/home/tour/,CHEA0053
Climate Pledge Arena Tours,https://www.climatepledgearena.com/tours/,CHEA0053
Seattle Central Library Tours,https://www.spl.org/hours-and-locations/central-library/central-library-highlights/central-library-tours,CHEA0053
NW Green Home Tours,https://nwgreenhometour.org/,CHEA0053
Solar Washington - Community Solar,https://www.solarwa.org/community_solar,CHEA0054
Jefferson Park Community Solar,https://cebrightfutures.org/browse-projects/jefferson-park-community-solar,CHEA0054
Vote.gov,https://vote.gov/,CHEA0055
Vote.org,https://www.vote.org/,CHEA0055
Clean Choice Energy climate voter guide,https://cleanchoiceenergy.com/news/climate-voter-guide,CHEA0055
Nerd Wallet 2024 guide to EV tax credits,https://www.nerdwallet.com/article/taxes/ev-tax-credit-electric-vehicle-tax-credit,CHTT0026
Use low power mode to save battery life on your iphone,https://support.apple.com/en-us/101604,CHEE0027
Android setting to reduce battery usage,https://support.google.com/android/answer/7664692?hl=en,CHEE0027
Does iPhone low power mode really work?,https://bgr.com/tech/iphone-low-power-mode-really-work-video-proof/,CHEE0027
Pact bin locations,https://www.pactcollective.org/locations,CHHW0034
Pact collection guidelines,https://www.pactcollective.org/pact-collection-guidelines,CHHW0034
15% off for GetGreen users at DoneGood,https://d2dxsh04.na1.hs-sales-engage.com/Ctc/RK+23284/d2DXsH04/JkM2-6qcW6N1vHY6lZ3mQW4wdZXv8zp--0W8M1fKp1KGJ9JM4ynL-tgBGrW6fwZ1d1yS1LTW6s1QTy2nf5pnW5W6G1q41MwK3W73c-wk54CQ7sW3yj2GJ5HrpkxW6wcZcx6vRbTvW5PvxbP6F4K-LW8Z9gSk670chGW7ZsPpv36Yl4HVyVqcY5r2QyVW8WmMwZ7l9xQrW3fvlx-6sNQD1W8MLnmQ7F1NPjW5QbThG7FlsqzW5Q7gyz41H6t8N35sWSq_Zm2LW34w3Mh1dCHttW4PFWll6-RXwRW7sGCSx2BGCzwdkBTKd04,CHHW0035
Estimating Appliance and Home Electronic Energy Use,https://www.energy.gov/energysaver/estimating-appliance-and-home-electronic-energy-use,CHEE0008
How to Stop Energy Vampires Attacking Your Home,https://www.energy.gov/energyween,CHEE0008
US Department of Energy Fuel Economy EV Guide,https://www.fueleconomy.gov/feg/evtech.shtml,CHTT0026
Saving Money with Electric Vehicles,https://www.energy.gov/save/electric-vehicles,CHTT0026
Heat Pump Water Heaters,https://www.energy.gov/energysaver/heat-pump-water-heaters,CHEA0056
Energy Star Guide to Heat Pump Water Heaters,https://www.energystar.gov/products/ask-the-experts/what-goes-cost-installing-heat-pump-water-heater,CHEA0056
Wirecutter guide to heat pump water heaters,https://www.nytimes.com/wirecutter/guides/heat-pump-water-heaters/,CHEA0056
Heat Pump Incentives,"https://www.energy.gov/save/home-upgrades#:~:text=For%20geothermal%20heat%20pumps%2C%20the,of%20up%20to%20%248%2C000%2C%20or",COEE0002
Guide to Heat Pumps,https://www.energy.gov/energysaver/heat-pump-systems,COEE0002
EPA guide to Green Teams,https://www.epa.gov/statelocalenergy/csc-tip-sheets-green-teams,CHEA0057
Faith Alliance Guide to Green Teams,https://faithforclimate.org/faith-communities/green-teams/,CHEA0057
Energy Star Guide Work Green Team Checklist,https://www.energystar.gov/buildings/tools-and-resources/bring-your-green-work-green-team-checklist,CHEA0057
Upload information about your conversation,https://docs.google.com/forms/d/e/1FAIpQLSci-XP-lAuCsDNm0zY5bg8b6dd-QRzqYzCjV2z_9vFOii1jVQ/viewform?usp=sharing,CHEA0043
Earth Day Quizzes,https://www.earthday.org/earth-day-quizzes/,CHEA0059
Bloomberg - AI to prop up fossil fuels and slow emissions decline,https://www.bloomberg.com/news/articles/2025-04-15/ai-to-prop-up-fossil-fuels-and-slow-emissions-decline-bnef-says?cmpid=BBD041525_GREENDAILY&utm_medium=email&utm_source=newsletter&utm_term=250415&utm_campaign=greendaily,CHEA0058
Write a letter to your Future Self,https://www.futureme.org/,CHEA0060
Farmforward guide to climate and the environment,https://www.farmforward.com/issues/climate-and-the-environment/?gad_source=1&gbraid=0AAAAADudVfQz1yNNGMJlwArjxKu_gYMWg&gclid=EAIaIQobChMIk7_q0OKCjQMVlh-tBh1VMw8MEAAYASAAEgJVKPD_BwE,CHFD0031
Keep America Beautiful Guide to America Recycles Day,https://kab.org/our-signature-programs/america-recycles-day/,CHEA0019
22 Best Places To Donate New & Gently Used Toys To Kids in Need,https://www.goodgoodgood.co/articles/where-to-donate-toys,CHRU0013
10 Best Plastic-FREE Shampoos & Conditioners (Zero-Waste) 2024,https://sustainability-success.com/best-plastic-free-shampoo-conditioner/,CHHW0021
Everything you need to know about wool dryer balls,https://adropintheoceanshop.com/blogs/blog/wool-dryer-balls,"CHHH0051,CHHH0056"
5 Benefits of Rain Barrels,https://lawnlove.com/blog/benefits-of-rain-barrels/,CHEE0024
"Why Should You Change Your HVAC Air Filters? Health, Energy Efficiency, and Savings",https://palmetto.com/home-electrification/how-to-change-your-hvac-air-filters-health-energy-efficiency-and-savings,CHHH0020
What Should I Unplug To Save Electricity?,"https://www.thegoodelectrician.com/blog/what-should-i-unplug-to-save-electricity/#:~:text=Unplug%20when%20not%20in%20use%20or%20use%20power,cut%20off%20power%20completely%20%26%20reduce%20electricity%20consumption.",CHEE0008
9 Reasons to Buy Used Books,https://www.thriftbooks.com/blog/9-reasons-to-buy-used-books/?msockid=3cb63038885060610b14214589e3616e,CHRU0034
"Where, why, and how should we recycle old smartphones","https://everphone.com/en/blog/recycle-old-smartphones/#:~:text=Here%E2%80%99s%20the%20list%20of%20the%20reasons%20for%20recycling,cash%20when%20you%20recycle%20your%20phone%20More%20items",CHRU0010
How To Install a Home Wind Turbine,https://www.thisoldhouse.com/solar-alternative-energy/21017188/how-to-install-a-home-wind-turbine,COHH0007
What Is Eco Mode and How Does It Work?,https://carfromjapan.com/article/how-eco-mode-work/,CHTT0018
9 Eco-friendly & Sustainable Gift Wrap Ideas for the Holidays,https://www.thehonestconsumer.com/blog/eco-friendly-gift-wrapping-ideas,CHHW0014
What Is a Heat Pump And How Does A Heat Pump Work?,https://www.carrier.com/residential/en/us/products/heat-pumps/what-is-a-heat-pump-how-does-it-work/,COEE0002
Unlock Hidden Costs: Why Leaving Your Roof Box On Could Drain Your Wallet,https://www.globalvillagespace.com/tech/unlock-hidden-costs-why-leaving-your-roof-box-on-could-drain-your-wallet/,CHTT0024
Sky High Sustainability: The Environmental Impacts Of Roof boxes,https://www.awayindia.in/post/environmental-impacts-of-roofboxes,CHTT0024
Where and How to Sell Clothes Online,https://www.nerdwallet.com/article/finance/sell-clothes-online?msockid=22e813007d1364171ba8007b7ca965fc,CHRU0005
World Environment Day: How Ridesharing Helps Our Planet,https://ride.guru/content/newsroom/world-environment-day-how-ridesharing-helps-the-environment,CHTT0003
Air travel and climate change,https://davidsuzuki.org/living-green/air-travel-climate-change/,CHTT0017
The Benefits of Public Transportation: Why It’s More Useful Than Ever Before,https://ecoadvice.org/benefits-of-public-transportation/,CHTT0005
Is It Bad to Leave Your Car Running? What You Need to Know,https://themotorguy.com/is-it-bad-to-leave-your-car-running-what-you-need-to-know/,CHTT0034
"Choosing Used Toys: What’s Okay, What’s Not?",https://toycycle.co/blogs/main/choosing-used-toys,CHRU0001
7 Reasons to Buy Used Books,https://www.worldofbooks.com/blogs/book-nook/seven-reasons-to-buy-used-books,CHRU0034
Composting At Home,https://www.epa.gov/recycle/composting-home,CHRU0012
5 Calls,https://5calls.org/,CHEA0061
350 Seattle,https://350seattle.org/policy-action-team/,CHEA0061
Work On Climate,https://workonclimate.org/,CHEA0062
Terra,https://www.terra.do/,CHEA0062
9Zero,https://9zero.com/,CHEA0062
Vegan in Seatle,https://seattlevegan.com/,CHFD0060
Northwest Veg,https://nwveg.org/recipes,CHFD0060
UpcycleThat,https://upcyclethat.com/,CHRU0041
BuyNothing,https://buynothingproject.org/,CHRU0041
Recompose,https://recompose.life/our-model/#environmental-impact,COHW0002
Charity Navigator,https://www.charitynavigator.org/?c_src=WPAIDSEARCH&gad_source=1&gad_campaignid=18061025916&gbraid=0AAAAADEWVePDpBH7-sN4kATEncKz1QN6d&gclid=Cj0KCQjw64jDBhDXARIsABkk8J6ZyKd_-8QgQCLe3OVo-PLCFO_2TPqnM0VyfF0p-QHDOodh2SuMnwwaAuthEALw_wcB,CHEA0063
Climate Action Network,https://climatenetwork.org/overview/members/,CHEA0063
What is fast fashion?,https://www.mckinsey.com/featured-insights/mckinsey-explainers/what-is-fast-fashion,CHRU0043
Impacts of Fast Fashion,https://www.wri.org/insights/numbers-economic-social-and-environmental-impacts-fast-fashion,CHRU0043
King County Repair Events,https://kingcounty.gov/en/dept/dnrp/waste-services/garbage-recycling-compost/solid-waste-programs/ecoconsumer/repair-events,CHRU0042
How to sew a button,https://www.tiktok.com/@jadethetailor/video/7423125691216055583,CHRU0042
No Buy July,https://bemorewithless.com/how-to-stop-shopping/,CHRU0041
NYTimes Vegetarian Potluck,https://cooking.nytimes.com/68861692-nyt-cooking/4844254-vegetarian-dishes-to-bring-to-a-potluck,CHFD0060
Plastic Free July Audit,https://www.plasticfreejuly.org/get-involved/what-you-can-do/bin-audit/,CHEA0064
PIRG personal waste audit,https://pirg.org/edfund/resources/how-to-do-a-personal-waste-audit/,CHEA0064
Microplastics and laundry,https://www.pbs.org/newshour/science/laundry-is-a-top-source-of-microplastic-pollution-heres-how-to-clean-your-clothes-more-sustainably,CHHH0058
Wattplan - model your solar and EV energy savings,https://www.wattplan.com/,"CHTT0026,CHEA0014,CHEA0047"
On the Mends - Miami-Dade Public Library ,https://mdpls.org/event/13797980,CHRU0042
Earth911 guide to eco friendly sunscreens,https://earth911.com/health/eco-friendly-sunscreens/,CHHW0005
Nature Conservancy on Instagram,https://www.instagram.com/nature_org/,CHEA0004
Climate Reality Project,https://www.instagram.com/climatereality/?hl=en,CHEA0004
